BEGIN TRANSACTION;

-- Additional foods
INSERT OR IGNORE INTO meals_food (id, name, type, grams, calories, protein, carbs, fats) VALUES
    (1001, 'Індиче філе', 'Мʼясо', 100, 135, 29.0, 0.0, 1.5),
    (1002, 'Коричневий рис', 'Крупа', 100, 111, 2.6, 23.0, 0.9),
    (1003, 'Броколі', 'Овоч', 100, 34, 2.8, 6.6, 0.4),
    (1004, 'Банан', 'Фрукти', 100, 89, 1.1, 23.0, 0.3),
    (1005, 'Грецький йогурт 2%', 'Молочні', 100, 73, 10.0, 3.6, 2.0),
    (1006, 'Сир кисломолочний 5%', 'Молочні', 100, 121, 17.0, 3.0, 5.0),
    (1007, 'Оливкова олія', 'Жири', 100, 884, 0.0, 0.0, 100.0),
    (1008, 'Тунець консервований', 'Риба', 100, 116, 26.0, 0.0, 1.0),
    (1009, 'Лаваш цільнозерновий', 'Хліб', 100, 260, 8.5, 52.0, 4.0),
    (1010, 'Яблуко', 'Фрукти', 100, 52, 0.3, 14.0, 0.2),
    (1011, 'Кефір 1%', 'Молочні', 100, 41, 3.0, 4.0, 1.0),
    (1012, 'Шпинат', 'Овоч', 100, 23, 2.9, 3.6, 0.4),
    (1013, 'Сочевиця варена', 'Бобові', 100, 116, 9.0, 20.0, 0.4),
    (1014, 'Квасоля червона варена', 'Бобові', 100, 127, 8.7, 22.8, 0.5),
    (1015, 'Батат запечений', 'Овоч', 100, 90, 2.0, 21.0, 0.2),
    (1016, 'Гарбуз запечений', 'Овоч', 100, 26, 1.0, 6.5, 0.1),
    (1017, 'Мигдаль', 'Горіхи', 100, 579, 21.2, 21.7, 49.9),
    (1018, 'Насіння чіа', 'Насіння', 100, 486, 16.5, 42.1, 30.7),
    (1019, 'Житні хлібці', 'Хліб', 100, 330, 9.0, 67.0, 1.5),
    (1020, 'Фета', 'Молочні', 100, 265, 14.0, 4.0, 21.0);

-- Additional tags
INSERT OR IGNORE INTO meals_tag (id, name, type) VALUES
    (2001, 'Пісне', 'Дієта'),
    (2002, 'Без цукру', 'Дієта'),
    (2004, 'Легке', 'Калорійність'),
    (2005, 'Ситне', 'Калорійність'),
    (2006, 'На перекус', 'Прийом їжі'),
    (2010, 'Після тренування', 'Час'),
    (2011, 'Домашнє', 'Стиль');

-- Additional meals
INSERT OR IGNORE INTO meals_meal (id, name, grams, recipe, link, author_id, image, popularity) VALUES
    (3001, 'Індичка з рисом і броколі', 430, 'Запечіть індичку, додайте рис і броколі. Подайте теплою.', NULL, 1, 'fallback.png', 14),
    (3002, 'Йогуртовий боул з бананом і чіа', 342, 'Змішайте йогурт, додайте банан, чіа і трохи горіхів.', NULL, 1, 'fallback.png', 18),
    (3003, 'Салат з тунцем та лавашем', 305, 'Поєднайте тунець, овочі та лаваш у зручну легку страву.', NULL, 1, 'fallback.png', 12),
    (3004, 'Батат з квасолею та фетою', 325, 'Запечіть батат, додайте квасолю, фету та краплю олії.', NULL, 1, 'fallback.png', 9),
    (3005, 'Сирники з йогуртом', 288, 'Приготуйте сирники та подайте їх з йогуртом і бананом.', NULL, 1, 'fallback.png', 20),
    (3006, 'Вівсяна миска з яблуком і мигдалем', 285, 'Зваріть вівсянку, додайте яблуко, мигдаль і йогурт.', NULL, 1, 'fallback.png', 16),
    (3007, 'Салат зі шпинатом та авокадо', 205, 'Змішайте шпинат, авокадо та броколі для легкої тарілки.', NULL, 1, 'fallback.png', 11),
    (3008, 'Сочевичний суп', 305, 'Зваріть сочевицю з овочами та подайте з зеленню.', NULL, 1, 'fallback.png', 8),
    (3009, 'Омлет зі шпинатом і фетою', 195, 'Приготуйте омлет, додайте шпинат і фету у фіналі.', NULL, 1, 'fallback.png', 19),
    (3010, 'Кефірний перекус з яблуком і хлібцями', 300, 'Подавайте кефір з яблуком і житніми хлібцями як перекус.', NULL, 1, 'fallback.png', 13),
    (3011, 'Запечений гарбуз з індичкою', 295, 'Запечіть гарбуз та індичку до ніжної і ситної вечері.', NULL, 1, 'fallback.png', 7),
    (3012, 'Тунець з рисом і броколі', 345, 'Поєднайте тунець, рис і броколі в збалансовану миску.', NULL, 1, 'fallback.png', 10);

-- Meal ingredients
INSERT OR IGNORE INTO meals_mealproducts (id, grams, food_id, meal_id) VALUES
    (6001, 180.0, 1001, 3001),
    (6002, 140.0, 1002, 3001),
    (6003, 100.0, 1003, 3001),
    (6004, 8.0, 1007, 3001),
    (6005, 200.0, 1005, 3002),
    (6006, 120.0, 1004, 3002),
    (6007, 12.0, 1018, 3002),
    (6008, 10.0, 1017, 3002),
    (6009, 120.0, 1008, 3003),
    (6010, 80.0, 1009, 3003),
    (6011, 40.0, 1012, 3003),
    (6012, 60.0, 1003, 3003),
    (6013, 5.0, 1007, 3003),
    (6014, 180.0, 1015, 3004),
    (6015, 100.0, 1014, 3004),
    (6016, 40.0, 1020, 3004),
    (6017, 5.0, 1007, 3004),
    (6018, 180.0, 1006, 3005),
    (6019, 60.0, 1005, 3005),
    (6020, 8.0, 1018, 3005),
    (6021, 40.0, 1004, 3005),
    (6022, 70.0, 7, 3006),
    (6023, 80.0, 1010, 3006),
    (6024, 15.0, 1017, 3006),
    (6025, 120.0, 1005, 3006),
    (6026, 70.0, 1012, 3007),
    (6027, 80.0, 9, 3007),
    (6028, 50.0, 1003, 3007),
    (6029, 5.0, 1007, 3007),
    (6030, 160.0, 1013, 3008),
    (6031, 40.0, 1012, 3008),
    (6032, 80.0, 1003, 3008),
    (6033, 5.0, 1007, 3008),
    (6034, 20.0, 1009, 3008),
    (6035, 120.0, 3, 3009),
    (6036, 40.0, 1012, 3009),
    (6037, 30.0, 1020, 3009),
    (6038, 5.0, 1007, 3009),
    (6039, 200.0, 1011, 3010),
    (6040, 80.0, 1010, 3010),
    (6041, 20.0, 1019, 3010),
    (6042, 150.0, 1001, 3011),
    (6043, 100.0, 1016, 3011),
    (6044, 40.0, 1003, 3011),
    (6045, 5.0, 1007, 3011),
    (6046, 140.0, 1008, 3012),
    (6047, 120.0, 1002, 3012),
    (6048, 80.0, 1003, 3012),
    (6049, 5.0, 1007, 3012);

-- Food tags
INSERT OR IGNORE INTO meals_foodtag (id, food_id, tag_id) VALUES
    (5001, 1001, 9),
    (5002, 1001, 2011),
    (5003, 1002, 2005),
    (5004, 1002, 2001),
    (5005, 1003, 2004),
    (5006, 1003, 2001),
    (5007, 1004, 2006),
    (5008, 1004, 7),
    (5009, 1005, 9),
    (5010, 1005, 2004),
    (5011, 1006, 9),
    (5012, 1006, 2005),
    (5013, 1008, 9),
    (5014, 1008, 2001),
    (5015, 1009, 7),
    (5016, 1009, 2006),
    (5017, 1010, 2004),
    (5018, 1010, 2006),
    (5019, 1011, 2004),
    (5020, 1011, 2006),
    (5021, 1012, 2004),
    (5022, 1012, 2001),
    (5023, 1013, 2005),
    (5024, 1013, 2001),
    (5025, 1014, 2005),
    (5026, 1014, 2001),
    (5027, 1015, 2005),
    (5028, 1015, 2001),
    (5029, 1016, 2004),
    (5030, 1016, 2001),
    (5031, 1017, 2006),
    (5032, 1017, 2001),
    (5033, 1018, 2006),
    (5034, 1018, 2001),
    (5035, 1019, 7),
    (5036, 1019, 2006),
    (5037, 1020, 9),
    (5038, 1020, 2001);

-- Meal tags
INSERT OR IGNORE INTO meals_mealtag (id, meal_id, tag_id) VALUES
    (4001, 3001, 9),
    (4002, 3001, 5),
    (4003, 3001, 2011),
    (4004, 3002, 4),
    (4005, 3002, 2004),
    (4006, 3002, 2010),
    (4007, 3002, 2011),
    (4008, 3003, 5),
    (4009, 3003, 7),
    (4010, 3003, 9),
    (4011, 3003, 2011),
    (4012, 3004, 6),
    (4013, 3004, 2005),
    (4014, 3004, 2001),
    (4015, 3004, 2011),
    (4016, 3005, 4),
    (4017, 3005, 9),
    (4018, 3005, 2004),
    (4019, 3005, 2011),
    (4020, 3006, 4),
    (4021, 3006, 2004),
    (4022, 3006, 2011),
    (4023, 3007, 2004),
    (4024, 3007, 2001),
    (4025, 3007, 2006),
    (4026, 3007, 2011),
    (4027, 3008, 6),
    (4028, 3008, 2005),
    (4029, 3008, 2001),
    (4030, 3008, 2011),
    (4031, 3009, 4),
    (4032, 3009, 7),
    (4033, 3009, 9),
    (4034, 3009, 2011),
    (4035, 3010, 2006),
    (4036, 3010, 2004),
    (4037, 3010, 7),
    (4038, 3010, 2011),
    (4039, 3011, 6),
    (4040, 3011, 2005),
    (4041, 3011, 9),
    (4042, 3011, 2011),
    (4043, 3012, 5),
    (4044, 3012, 2010),
    (4045, 3012, 9),
    (4046, 3012, 2011);

-- Favorite meals for the primary demo user
INSERT OR IGNORE INTO meals_mealfavorites (id, user_id, meal_id) VALUES
    (7001, 1, 3001),
    (7002, 1, 3003),
    (7003, 1, 3005),
    (7004, 1, 3009);

COMMIT;